{
  "scenario": "MotorUpgrade",
  "iterations": [
    1,
    2,
    3,
    4,
    5
  ],
  "total_magnitudes": [
    147200.95,
    168925.82222222222,
    109195.01666666666,
    109213.76666666666,
    109213.76666666666
  ],
  "per_component": {
    "Battery": [
      0.0,
      519.0,
      387.0,
      387.0,
      387.0
    ],
    "FlightController": [
      133540.0,
      81030.0,
      81336.94444444444,
      81336.94444444444,
      81336.94444444444
    ],
    "Motor": [
      155.75,
      1439.2222222222222,
      1615.9722222222222,
      1634.7222222222222,
      1634.7222222222222
    ],
    "NavigationEstimator": [
      0.0,
      75222.5,
      15135.0,
      15135.0,
      15135.0
    ],
    "PowerManager": [
      13505.2,
      10715.1,
      10720.1,
      10720.1,
      10720.1
    ]
  },
  "per_delta_type": {
    "\u0394A_rel": [
      0.0,
      0.0,
      0.0,
      0.0,
      0.0
    ],
    "\u0394A_str": [
      147041.0,
      167800.72222222222,
      107788.72222222222,
      107788.72222222222,
      107788.72222222222
    ],
    "\u0394G_rel": [
      0.0,
      0.0,
      0.0,
      0.0,
      0.0
    ],
    "\u0394G_str": [
      159.95,
      1125.1,
      1406.2944444444445,
      1425.0444444444445,
      1425.0444444444445
    ]
  },
  "per_delta_type_relative": {
    "\u0394A_rel": [
      0.0,
      0.0,
      0.0,
      0.0,
      0.0
    ],
    "\u0394A_str": [
      176.17612700314498,
      201.0492403441331,
      129.14628991729475,
      129.14628991729475,
      129.14628991729475
    ],
    "\u0394G_rel": [
      0.0,
      0.0,
      0.0,
      0.0,
      0.0
    ],
    "\u0394G_str": [
      0.0822191723081509,
      0.5783356721719324,
      0.7228781822055214,
      0.7325162533576178,
      0.7325162533576178
    ]
  },
  "times_seconds": [
    0.7172040939331055,
    1.9637770652770996,
    3.151097059249878,
    2.1831040382385254,
    2.275256872177124
  ],
  "converged": true,
  "convergence_iteration": 5
}