{
  "scenario": "NavDriftIncrease",
  "iterations": [
    1,
    2,
    3,
    4,
    5,
    6,
    7
  ],
  "total_magnitudes": [
    9134.4,
    12468.425,
    32182.525,
    99251.55500000002,
    69925.55500000001,
    70025.455,
    70025.455
  ],
  "per_component": {
    "Battery": [
      0.0,
      0.0,
      0.0,
      49615.000000000015,
      9923.000000000004,
      9923.000000000004,
      9923.000000000004
    ],
    "FlightController": [
      9099.5,
      7576.5,
      27634.2,
      37637.2,
      47779.2,
      47779.2,
      47779.2
    ],
    "Motor": [
      0.0,
      3888.0,
      3240.0,
      10943.600000000006,
      10943.600000000006,
      10943.600000000006,
      10943.600000000006
    ],
    "NavigationEstimator": [
      34.900000000000006,
      1003.925,
      863.925,
      966.875,
      1066.875,
      1166.775,
      1166.775
    ],
    "PowerManager": [
      0.0,
      0.0,
      444.40000000000003,
      88.88000000000001,
      212.88000000000005,
      212.88000000000005,
      212.88000000000005
    ]
  },
  "per_delta_type": {
    "\u0394A_rel": [
      24.5,
      594.0,
      800.7,
      825.25,
      1189.2500000000002,
      1289.15,
      1289.15
    ],
    "\u0394A_str": [
      0.0,
      0.0,
      0.0,
      0.0,
      0.0,
      0.0,
      0.0
    ],
    "\u0394G_rel": [
      9109.9,
      11874.425,
      31381.825,
      98426.30500000002,
      68736.30500000001,
      68736.30500000001,
      68736.30500000001
    ],
    "\u0394G_str": [
      0.0,
      0.0,
      0.0,
      0.0,
      0.0,
      0.0,
      0.0
    ]
  },
  "per_delta_type_relative": {
    "\u0394A_rel": [
      0.029354500524187484,
      0.7116968698517292,
      0.9593530028455886,
      0.988767410513703,
      1.4248914183016317,
      1.544585891867604,
      1.544585891867604
    ],
    "\u0394A_str": [
      0.0,
      0.0,
      0.0,
      0.0,
      0.0,
      0.0,
      0.0
    ],
    "\u0394G_rel": [
      4.682766100719125,
      6.103816162145763,
      16.131213985740782,
      50.594118977490574,
      35.33255457718422,
      35.33255457718422,
      35.33255457718422
    ],
    "\u0394G_str": [
      0.0,
      0.0,
      0.0,
      0.0,
      0.0,
      0.0,
      0.0
    ]
  },
  "times_seconds": [
    0.2145557403564453,
    0.7887928485870361,
    1.4635350704193115,
    2.4813449382781982,
    2.3557770252227783,
    2.2244529724121094,
    2.2824668884277344
  ],
  "converged": true,
  "convergence_iteration": 7
}